candidate_id,selection_tier,recommendation,title,publication_year,venue,research_content,proof_units,proof_count,proof_count_kind,numbered_result_count,proof_locations,formal_material_pages,source_url,pdf_url,rationale,user_confirmation,canonical_key,current_archive_status,archive_status_updated_at
F01,candidate,recommend,A Unified Game-Theoretic Interpretation of Adversarial Robustness,2021,NeurIPS 2021,用多阶交互统一解释对抗攻击与防御，分析高阶交互扰动、低阶稳健特征及形状偏置。,≥15,15,manual_lower_bound,1,补充PDF2–7；补充PDF8–9,正文14＋补充16页,https://papers.nips.cc/paper/2021/hash/1f4fe6a4411edc2ff625888b4093e917-Abstract.html,https://papers.nips.cc/paper/2021/file/1f4fe6a4411edc2ff625888b4093e917-Paper.pdf,正式NeurIPS2021正文14页+补充16页，至少15段证明。Landing/BibTeX标题为Towards a Unified Game-Theoretic View of Adversarial Perturbations and Robustness，正式PDF仍用本标题；已核作者与论文身份。,待确认,arxiv:2103.07364,candidate_pending,2026-10-01
F02,candidate,recommend,Defining and Quantifying the Emergence of Sparse Concepts in DNNs,2023,CVPR 2023,把DNN推理拆为稀疏交互概念并组织成因果图/And-Or图，证明任意mask输入的输出可重构。,12,12,manual_exact_distinct_proof_units,5,补充PDF3；补充PDF4–5；补充PDF6–11,正文10＋补充27页,https://openaccess.thecvf.com/content/CVPR2023/html/Ren_Defining_and_Quantifying_the_Emergence_of_Sparse_Concepts_in_DNNs_CVPR_2023_paper.html,https://openaccess.thecvf.com/content/CVPR2023/papers/Ren_Defining_and_Quantifying_the_Emergence_of_Sparse_Concepts_in_DNNs_CVPR_2023_paper.pdf,正式CVPR正文10页+补充27页，人工重核5个独立编号定理和12个实际证明单元；本轮优先正式收录候选。,待确认,arxiv:2111.06206,included_20260930,2026-10-01
F03,candidate,recommend,Where We Have Arrived in Proving the Emergence of Sparse Interaction Primitives in DNNs,2024,ICLR,在明确网络条件下研究稀疏符号交互的涌现，构造组合矩阵关系、阶数/数量上界，并连接多种Shapley指标。,11,11,exact_manual_formal_pdf_proof_or_derivation_units,10,PDF15–27,34页,https://proceedings.iclr.cc/paper_files/paper/2024/hash/db0ee27cb50dd9087b133f6e7d28a90e-Abstract-Conference.html,https://proceedings.iclr.cc/paper_files/paper/2024/file/db0ee27cb50dd9087b133f6e7d28a90e-Paper-Conference.pdf,证明密集：10个独立编号结果均有本地证明，加1个假设蕴含证明；含组合矩阵、稀疏上界及三种Shapley指标关系。,待确认,arxiv:2305.01939,included_20260930,2026-10-01
F04,candidate,recommend,Towards Theoretical Analysis of Transformation Complexity of ReLU DNNs,2022,ICML 2022,以信息论量化ReLU网络变换复杂度，证明复杂度与解缠关系，研究训练动态及复杂度控制。,10,10,manual_exact_proof_blocks,0,PDF13–15,22页,https://proceedings.mlr.press/v162/ren22b.html,https://proceedings.mlr.press/v162/ren22b/ren22b.pdf,正式ICML2022 PDF22页；10段显式证明虽无Theorem编号，仍应纳入多证明候选。,待确认,arxiv:2205.01940,candidate_pending,2026-10-01
F05,candidate,recommend,Towards Attributions of Input Variables in a Coalition,2025,ICML,指出将单变量归因直接相加可能与coalition归因冲突，构建coalition的AND/OR分配并证明相关定理和归因公理。,10,10,exact_manual_formal_pdf_proof_or_derivation_units,7,PDF12–21,24页,https://proceedings.mlr.press/v267/zheng25d.html,https://raw.githubusercontent.com/mlresearch/v267/main/assets/zheng25d/zheng25d.pdf,证明密集：7个编号定理/推论、10个证明小节；coalition与单变量归因关系及AND/OR分配公理可逐项对齐。,待确认,arxiv:2309.13411,included_20261001,2026-10-01
F06,candidate,recommend,Defects of Convolutional Decoder Networks in Frequency Representation,2023,ICML 2023,用DFT和圆周卷积分析卷积decoder的前向/反向传播，解释高频表示、零填充和频谱学习的缺陷。,≥9,9,manual_lower_bound,8,PDF11–25,34页,https://proceedings.mlr.press/v202/tang23i.html,https://proceedings.mlr.press/v202/tang23i/tang23i.pdf,正式ICML2023 PDF34页，证明与相关推导位于PDF11–25；已在正式文件人工核页与独立结果。,待确认,arxiv:2210.09020,candidate_pending,2026-10-01
F07,candidate,recommend,Towards the Dynamics of a DNN Learning Symbolic Interactions,2024,NeurIPS,解释DNN学习符号交互的两阶段动态，分析参数噪声、Taylor触发函数、交互阶数与最优回归权重。,8,8,exact_manual_formal_pdf_proof_or_derivation_units,9,PDF16–24,36页,https://papers.neurips.cc/paper_files/paper/2024/hash/5aa96d1caa0d0b99d534b67df06be2ff-Abstract-Conference.html,https://papers.neurips.cc/paper_files/paper/2024/file/5aa96d1caa0d0b99d534b67df06be2ff-Paper-Conference.pdf,证明密集：7个本地有专门证明的编号目标及一个方程证明，涵盖噪声、Taylor触发函数、回归最优解和两阶段动态。,待确认,arxiv:2407.19198,candidate_pending,2026-10-01
F08,candidate,recommend,Bayesian Neural Networks Avoid Encoding Complex and Perturbation-Sensitive Concepts,2023,ICML,研究BNN为何避免复杂且扰动敏感的概念，连接交互阶数、Taylor展开、随机变量矩及回归权重。,6,6,exact_manual_formal_pdf_proof_or_derivation_units,7,PDF15–22,25页,https://proceedings.mlr.press/v202/ren23a.html,https://proceedings.mlr.press/v202/ren23a/ren23a.pdf,证明密集：6个编号目标有对应证明，连接BNN不确定性、概念复杂度、扰动矩及回归权重；Prop G.1声明未算额外证明。,待确认,arxiv:2302.13095,candidate_pending,2026-10-01
F09,candidate,recommend,HarsanyiNet: Computing Accurate Shapley Values in a Single Forward Propagation,2023,ICML,设计HarsanyiNet使一次前向传播精确计算Shapley值，证明网络交互结构与归因关系，并推广到CNN构造。,5,5,exact_manual_formal_pdf_proof_or_derivation_units,5,PDF12–14；PDF16,22页,https://proceedings.mlr.press/v202/chen23s.html,https://proceedings.mlr.press/v202/chen23s/chen23s.pdf,证明较集中且Harsanyi基础重要：精确Shapley网络构造有4个本地编号证明及1个CNN扩展证明，适合连接核心有限集合理论。,待确认,arxiv:2304.01811,included_20261001,2026-10-01
F10,candidate,recommend,Towards the Difficulty for a Deep Neural Network to Learn Concepts of Different Complexities,2023,NeurIPS,理论解释复杂交互概念为何难学，分析Taylor触发函数的扰动方差、概念二值激活、与多阶交互的关系及简化回归模型的学习困难。,4,4,exact_manual_formal_pdf_proof_or_derivation_units,5,PDF17–21,22页,https://papers.neurips.cc/paper_files/paper/2023/hash/8143b8c73073a9a23b9c18e400066471-Abstract-Conference.html,https://papers.neurips.cc/paper_files/paper/2023/file/8143b8c73073a9a23b9c18e400066471-Paper-Conference.pdf,3个本地编号证明及1个完整组合关系推导，解释复杂概念的学习难度；G.5回归草图另记、不充当完整证明。,待确认,venue:neurips2023:8143b8c73073a9a23b9c18e400066471,candidate_pending,2026-10-01
F11,candidate,recommend,Defining and Extracting Generalizable Interaction Primitives from DNNs,2024,ICLR,定义并提取可泛化的AND/OR交互primitive，分析任意mask输入的精确重构和交互方差，验证primitive跨模型或输入的泛化。,2,2,exact_manual_formal_pdf_proof_or_derivation_units,4,PDF12–15,23页,https://proceedings.iclr.cc/paper_files/paper/2024/hash/67a9b444cbcd647572c88194619f72d5-Abstract-Conference.html,https://proceedings.iclr.cc/paper_files/paper/2024/file/67a9b444cbcd647572c88194619f72d5-Paper-Conference.pdf,证明数量不多，但Harsanyi/AND-OR基础重要：精确重构和方差共2个证明单元；引用的Theorem 1/3及Prop 1不额外算本地证明。,待确认,arxiv:2401.16318,included_20260930,2026-10-01
F12,candidate,secondary,Building Interpretable Interaction Trees for Deep NLP Models,2021,AAAI 2021,用Shapley交互构建句子的可解释树，提出六种交互指标，并比较BERT、ELMo、LSTM等模型。,3,3,manual_exact_distinct_proof_units,0,PDF8,10页,https://ojs.aaai.org/index.php/AAAI/article/view/17685,https://ojs.aaai.org/index.php/AAAI/article/download/17685/17492,正式AAAI10页版包含arXiv9页版没有的3段实际证明；数量中等，核心相关次级候选。,待确认,arxiv:2007.04298,candidate_pending,2026-10-01
F13,candidate,secondary,Quantification and Analysis of Layer-wise and Pixel-wise Information Discarding,2022,ICML 2022,量化逐层/逐像素信息丢弃，统一比较不同层和模型对输入信息的保留与删除。,≥2,2,manual_lower_bound,0,PDF12–13,35页,https://proceedings.mlr.press/v162/ma22b.html,https://proceedings.mlr.press/v162/ma22b/ma22b.pdf,正式ICML35页已核至少2类推导，属于信息论相关次级；不把总页数当证明页数。,待确认,arxiv:1906.04109,candidate_pending,2026-10-01
F14,candidate,secondary,Layerwise Change of Knowledge in Neural Networks,2024,ICML,把知识定义和交互提取扩展到神经网络中间层，追踪逐层知识的保留、增加与丢失，含两个编号理论目标。,2,2,exact_manual_formal_pdf_proof_or_derivation_units,2,PDF15–16,22页,https://proceedings.mlr.press/v235/cheng24b.html,https://raw.githubusercontent.com/mlresearch/v235/main/assets/cheng24b/cheng24b.pdf,逐层知识/交互研究有2个清晰目标与证明，是基础matching到中间层应用的次级候选。,待确认,arxiv:2409.08712,included_20261001,2026-10-01
F15,candidate,secondary,Interpreting Multivariate Shapley Interactions in DNNs,2021,AAAI 2021,定义多变量Shapley交互和coalition的重要性，量化DNN记忆的原型特征及组内变量协同。,1,1,manual_exact_inspected_appendix_unit,0,PDF9–10,10页,https://ojs.aaai.org/index.php/AAAI/article/view/17299,https://ojs.aaai.org/index.php/AAAI/article/download/17299/17106,正式AAAI10页已核1段关系推导；保留核心定义的次级候选，不能声称此版证明很多。,待确认,arxiv:2010.05045,candidate_pending,2026-10-01
F16,candidate,secondary,Explaining Generalization Power of a DNN Using Interactive Concepts,2024,AAAI,用交互概念解释DNN泛化，给出Taylor和扰动矩公式及近似方差增长分析，并开展实证验证；公开正文没有专门完整证明附录。,1（近似推导）,1,exact_manual_formal_pdf_approximate_derivation_inventory,3,PDF5–6,9页,https://ojs.aaai.org/index.php/AAAI/article/view/29655,https://ojs.aaai.org/index.php/AAAI/article/download/29655/31115,公开正式正文有3个编号陈述及1个近似推导；没有专门完整证明附录，应与证明密集成果区分。,待确认,arxiv:2302.13091,candidate_pending,2026-10-01
F17,candidate,secondary,Towards the first principles of explaining DNNs: interactions explain the learning dynamics,2025,FITEE,Personal View讨论交互解释能否构成DNN解释的第一性原理，串联公理、泛化/对抗/瓶颈现象、归因方法统一及两阶段学习动态。,0,0,exact_manual_formal_pdf_proof_or_derivation_units,0,—,10页,https://doi.org/10.1631/FITEE.2401025,https://www.fitee.zjujournals.com/rc-pub/front/front-article/download/118510281/lowqualitypdf/%E6%B7%B1%E5%B1%A4%E3%83%8B%E3%83%A5%E3%83%BC%E3%83%A9%E3%83%AB%E3%83%8D%E3%83%83%E3%83%88%E3%83%AF%E3%83%BC%E3%82%AF%E3%81%AE%E8%A7%A3%E9%87%88%E3%81%AE%E7%AC%AC%E4%B8%80%E5%8E%9F%E7%90%86%EF%BC%9A%E7%AD%89%E4%BE%A1%E7%9B%B8%E4%BA%92%E4%BD%9C%E7%94%A8%E7%90%86%E8%AB%96%E3%81%AB%E5%9F%BA%E3%81%A5%E3%81%8F%E5%AD%A6%E7%BF%92%E3%81%AE%E3%83%80%E3%82%A4%E3%83%8A%E3%83%9F%E3%82%AF%E3%82%B9%E5%88%86%E6%9E%90.pdf,正式Personal View提供交互理论体系与学习动态导读；本地新证明为0，作为基础参考单列。,待确认,doi:10.1631/FITEE.2401025,candidate_pending,2026-10-01
W01,pending_formal_material,uncertain,Attribution Explanations for Deep Neural Networks: A Theoretical Perspective,2026,IEEE Transactions on Pattern Analysis and Machine Intelligence,从理论角度综述深度网络归因解释、方法统一、解释合理性与理论评价，作为已有理论工作的导读与索引。,未核实,,unverified_formal_full_text_not_acquired,,—,未取得,https://doi.org/10.1109/TPAMI.2026.3667600,,正式出版DOI、作者及SJTU身份已由IEEE存入Crossref的元数据核实；正式PDF接口未取得全文，证明数量未核实，不能替用arXiv计数。,待取得正式材料后再确认,doi:10.1109/tpami.2026.3667600,candidate_pending,2026-10-01
W02,pending_formal_material,uncertain,Interpretable Rotation-Equivariant Multiary-Valued Network for Attribute Obfuscation,2025,IEEE Transactions on Pattern Analysis and Machine Intelligence,仅核实公开题名和出版元数据；尚未读取正式全文，研究内容及理论证明待核。,未核实,,unverified_formal_full_text_not_acquired,,—,未取得,https://doi.org/10.1109/TPAMI.2025.3599592,,正式出版DOI、作者及SJTU身份已由IEEE存入Crossref的元数据核实；正式PDF接口未取得全文，证明数量未核实，不能替用arXiv计数。,待取得正式材料后再确认,doi:10.1109/tpami.2025.3599592,candidate_pending,2026-10-01
W03,pending_formal_material,uncertain,Monitoring Primitive Interactions During the Training of DNNs,2025,AAAI,将主成分特征分量作为交互变量，监测训练中primitive交互的出现、增强或减弱，并以稀疏重构和实验研究学习效率。,未核实,,exact_manual_in_acquired_formal_main_only; formal_supplement_unverified,1,—,正文9页；补充待取得/核实,https://ojs.aaai.org/index.php/AAAI/article/view/34223,https://ojs.aaai.org/index.php/AAAI/article/download/34223/36378,正式9页正文有Theorem 2.1，证明指定在未取得的Appendix E；整体证明密度须取得正式补充材料后再判断。,待取得正式材料后再确认,doi:10.1609/aaai.v39i19.34223,candidate_pending,2026-10-01
W04,pending_formal_material,uncertain,An Introspective Data Augmentation Method for Training Math Word Problem Solvers,2024,"IEEE/ACM Transactions on Audio, Speech, and Language Processing",仅核实公开题名和出版元数据；尚未读取正式全文，研究内容及理论证明待核。,未核实,,unverified_formal_full_text_not_acquired,,—,未取得,https://doi.org/10.1109/TASLP.2024.3408067,,正式出版DOI、作者及SJTU身份已由IEEE存入Crossref的元数据核实；正式PDF接口未取得全文，证明数量未核实，不能替用arXiv计数。,待取得正式材料后再确认,doi:10.1109/taslp.2024.3408067,candidate_pending,2026-10-01
W05,pending_formal_material,uncertain,Batch Normalization Is Blind to the First and Second Derivatives of the Loss,2024,AAAI2024,,未核实,,formal_proof_inventory_unverified_missing_material,3,—,正文9页；补充待取得/核实,https://ojs.aaai.org/index.php/AAAI/article/view/29978,https://ojs.aaai.org/index.php/AAAI/article/download/29978/31715,正式正文9页已核：首页及编号结果可定位，实际证明引用Appendices。官方第二galley经下载确认是Underline会议报告，不是证明supplement。不得照搬旧arXiv附录计数。,待取得正式材料后再确认,arxiv:2205.15146,candidate_pending,2026-10-01
W06,pending_formal_material,uncertain,Clarifying the Behavior and the Difficulty of Adversarial Training,2024,AAAI2024,,未核实,,formal_proof_inventory_unverified_missing_material,7,—,正文9页；补充待取得/核实,https://ojs.aaai.org/index.php/AAAI/article/view/29032,https://ojs.aaai.org/index.php/AAAI/article/download/29032/29956,正式正文9页已核：首页及编号结果可定位，实际证明引用Appendices。官方第二galley经下载确认是Underline会议报告，不是证明supplement。不得照搬旧arXiv附录计数。,待取得正式材料后再确认,arxiv:2205.15130,candidate_pending,2026-10-01
W07,pending_formal_material,uncertain,Unifying Fourteen Post-Hoc Attribution Methods With Taylor Interactions,2024,IEEE Transactions on Pattern Analysis and Machine Intelligence,用Taylor交互统一14种归因方法，分别建立各方法与交互项的对应关系，包含16个独立编号理论目标及证明。,未核实,,unverified_formal_full_text_not_acquired,,—,未取得,https://doi.org/10.1109/TPAMI.2024.3358410,,正式出版DOI、作者及SJTU身份已由IEEE存入Crossref的元数据核实；正式PDF接口未取得全文，证明数量未核实，不能替用arXiv计数。,待取得正式材料后再确认,doi:10.1109/tpami.2024.3358410,candidate_pending,2026-10-01
W08,pending_formal_material,uncertain,Can We Faithfully Represent Masked States to Compute Shapley Values on a DNN?,2023,ICLR2023,,未核实,,formal_proof_inventory_unverified_missing_material,,—,未取得,https://openreview.net/forum?id=YV8tP7bW6Kt,https://openreview.net/pdf?id=YV8tP7bW6Kt,正式发表已由作者publication与官方OpenReview公开论文记录交叉识别；网页PDF/API/API2均403，web.open亦官方browser challenge。arXiv证明数保留在发现台账，不能替代正式版。,待取得正式材料后再确认,arxiv:2105.10719,candidate_pending,2026-10-01
W09,pending_formal_material,uncertain,Discovering and Explaining the Representation Bottleneck of DNNs,2022,ICLR2022,,未核实,,formal_proof_inventory_unverified_missing_material,,—,未取得,https://openreview.net/forum?id=iRCUlgmdfHJ,https://openreview.net/pdf?id=iRCUlgmdfHJ,正式发表已由作者publication与官方OpenReview公开论文记录交叉识别；网页PDF/API/API2均403，web.open亦官方browser challenge。arXiv证明数保留在发现台账，不能替代正式版。,待取得正式材料后再确认,arxiv:2111.06236,candidate_pending,2026-10-01
W10,pending_formal_material,uncertain,A Unified Approach to Interpreting and Boosting Adversarial Transferability,2021,ICLR2021,,未核实,,formal_proof_inventory_unverified_missing_material,,—,未取得,https://openreview.net/forum?id=X76iqnUbBjz,https://openreview.net/pdf?id=X76iqnUbBjz,正式发表已由作者publication与官方OpenReview公开论文记录交叉识别；网页PDF/API/API2均403，web.open亦官方browser challenge。arXiv证明数保留在发现台账，不能替代正式版。,待取得正式材料后再确认,arxiv:2010.04055,candidate_pending,2026-10-01
W11,pending_formal_material,uncertain,Interpreting and Boosting Dropout from a Game-Theoretic View,2021,ICLR2021,,未核实,,formal_proof_inventory_unverified_missing_material,,—,未取得,https://openreview.net/forum?id=Jacdvfjicf7,https://openreview.net/pdf?id=Jacdvfjicf7,正式发表已由作者publication与官方OpenReview公开论文记录交叉识别；网页PDF/API/API2均403，web.open亦官方browser challenge。arXiv证明数保留在发现台账，不能替代正式版。,待取得正式材料后再确认,arxiv:2009.11729,candidate_pending,2026-10-01
W12,pending_formal_material,uncertain,3D-Rotation-Equivariant Quaternion Neural Networks,2020,ECCV2020,,未核实,,formal_proof_inventory_unverified_missing_material,,—,正文17页；补充待取得/核实,https://www.ecva.net/papers/eccv_2020/papers_ECCV/html/3539_ECCV_2020_paper.php,https://www.ecva.net/papers/eccv_2020/papers_ECCV/papers/123650528.pdf,正式ECCV2020正文17页已取得；arXiv21页版的4类操作证明在额外附录中，不在此正式正文中，正式附件未取得。,待取得正式材料后再确认,arxiv:1911.09040,candidate_pending,2026-10-01
W13,pending_formal_material,uncertain,Interpretable Complex-Valued Neural Networks for Privacy Protection,2020,ICLR2020,,未核实,,formal_proof_inventory_unverified_missing_material,,—,未取得,https://openreview.net/forum?id=SHDG97ukaIH,https://openreview.net/pdf?id=SHDG97ukaIH,正式发表已由作者publication与官方OpenReview公开论文记录交叉识别；网页PDF/API/API2均403，web.open亦官方browser challenge。arXiv证明数保留在发现台账，不能替代正式版。,待取得正式材料后再确认,arxiv:1901.09546,candidate_pending,2026-10-01
W14,pending_formal_material,uncertain,Towards a Deep and Unified Understanding of Deep Neural Models in NLP,2019,ICML2019,,未核实,,not_counted_automatic_prescreen_only,,—,正文10页；补充待取得/核实,https://proceedings.mlr.press/v97/guan19a.html,https://proceedings.mlr.press/v97/guan19a/guan19a.pdf,正式ICML2019主文10页已取得；个人主页链接的Microsoft全文/补充403，猜测PMLR supplement路径404。未取得附件，不能依据正文或摘要断言完整证明数。,待取得正式材料后再确认,official:guan19a,candidate_pending,2026-10-01
W15,pending_formal_material,uncertain,Mining And-Or Graphs for Graph Matching and Object Discovery,2015,ICCV2015,,未核实,,not_counted_automatic_prescreen_only,,—,正文9页；补充待取得/核实,https://openaccess.thecvf.com/content_iccv_2015/html/Zhang_Mining_And-Or_Graphs_ICCV_2015_paper.html,https://openaccess.thecvf.com/content_iccv_2015/papers/Zhang_Mining_And-Or_Graphs_ICCV_2015_paper.pdf,正式ICCV主文9页已取得；作者官网另有18页Supplementary包含3段长证明（PDF2–11），但本轮未从正式venue确认该附件的最终版身份，故不将它计入正式证明数。,待取得正式材料后再确认,official:iccv2015,candidate_pending,2026-10-01
